table_name,relkind,owner,rls_enabled,force_rls,policy_count
awcms_abac_decision_logs,r,awcms_vg01_owner,t,t,1
awcms_abac_policies,r,awcms_vg01_owner,t,t,1
awcms_access_assignments,r,awcms_vg01_owner,t,t,1
awcms_access_policies,r,awcms_vg01_owner,t,t,1
awcms_access_policy_events,r,awcms_vg01_owner,t,t,1
awcms_audit_events,r,awcms_vg01_owner,t,t,1
awcms_auth_providers,r,awcms_vg01_owner,t,t,1
awcms_bff_clients,r,awcms_vg01_owner,t,t,1
awcms_blog_ad_placements,r,awcms_vg01_owner,t,t,1
awcms_blog_ads,r,awcms_vg01_owner,t,t,1
awcms_blog_institutions,r,awcms_vg01_owner,t,t,1
awcms_blog_internal_tag_link_settings,r,awcms_vg01_owner,t,t,1
awcms_blog_menu_items,r,awcms_vg01_owner,t,t,1
awcms_blog_menus,r,awcms_vg01_owner,t,t,1
awcms_blog_pages,r,awcms_vg01_owner,t,t,1
awcms_blog_post_institutions,r,awcms_vg01_owner,t,t,1
awcms_blog_post_terms,r,awcms_vg01_owner,t,t,1
awcms_blog_posts,r,awcms_vg01_owner,t,t,1
awcms_blog_redirects,r,awcms_vg01_owner,t,t,1
awcms_blog_revisions,r,awcms_vg01_owner,t,t,1
awcms_blog_settings,r,awcms_vg01_owner,t,t,1
awcms_blog_templates,r,awcms_vg01_owner,t,t,1
awcms_blog_terms,r,awcms_vg01_owner,t,t,1
awcms_blog_theme_settings,r,awcms_vg01_owner,t,t,1
awcms_blog_widgets,r,awcms_vg01_owner,t,t,1
awcms_business_scope_assignment_events,r,awcms_vg01_owner,t,t,1
awcms_business_scope_assignments,r,awcms_vg01_owner,t,t,1
awcms_comments_abuse_events,r,awcms_vg01_owner,t,t,1
awcms_comments_comments,r,awcms_vg01_owner,t,t,1
awcms_comments_moderation_events,r,awcms_vg01_owner,t,t,1
awcms_comments_reply_subscriptions,r,awcms_vg01_owner,t,t,1
awcms_comments_reports,r,awcms_vg01_owner,t,t,1
awcms_comments_settings,r,awcms_vg01_owner,t,t,1
awcms_comments_threads,r,awcms_vg01_owner,t,t,1
awcms_data_lifecycle_archive_manifests,r,awcms_vg01_owner,t,t,1
awcms_data_lifecycle_cursors,r,awcms_vg01_owner,t,t,1
awcms_data_lifecycle_legal_holds,r,awcms_vg01_owner,t,t,1
awcms_data_lifecycle_runs,r,awcms_vg01_owner,t,t,1
awcms_delegated_access_grants,r,awcms_vg01_owner,t,t,3
awcms_domain_event_activity_daily,r,awcms_vg01_owner,t,t,1
awcms_domain_event_consumer_effects,r,awcms_vg01_owner,t,t,1
awcms_domain_event_consumer_state,r,awcms_vg01_owner,t,t,1
awcms_domain_event_deliveries,r,awcms_vg01_owner,t,t,1
awcms_domain_event_replays,r,awcms_vg01_owner,t,t,1
awcms_domain_events,r,awcms_vg01_owner,t,t,1
awcms_edge_cache_purges,r,awcms_vg01_owner,t,t,1
awcms_email_delivery_attempts,r,awcms_vg01_owner,t,t,1
awcms_email_messages,r,awcms_vg01_owner,t,t,1
awcms_email_suppression_list,r,awcms_vg01_owner,t,t,1
awcms_email_templates,r,awcms_vg01_owner,t,t,1
awcms_entitlements,r,awcms_vg01_owner,f,f,0
awcms_external_identities,r,awcms_vg01_owner,t,t,1
awcms_form_drafts,r,awcms_vg01_owner,t,t,1
awcms_idempotency_keys,r,awcms_vg01_owner,t,t,1
awcms_identities,r,awcms_vg01_owner,t,t,1
awcms_identity_mfa_factors,r,awcms_vg01_owner,t,t,1
awcms_identity_mfa_recovery_codes,r,awcms_vg01_owner,t,t,1
awcms_idn_admin_regions,r,awcms_vg01_owner,f,f,0
awcms_idn_region_datasets,r,awcms_vg01_owner,f,f,0
awcms_invitation_policies,r,awcms_vg01_owner,t,t,1
awcms_invitations,r,awcms_vg01_owner,t,t,1
awcms_machine_credentials,r,awcms_vg01_owner,t,t,1
awcms_media_library_tenant_state,r,awcms_vg01_owner,t,t,1
awcms_mfa_challenges,r,awcms_vg01_owner,t,t,1
awcms_module_dependencies,r,awcms_vg01_owner,f,f,0
awcms_module_health_checks,r,awcms_vg01_owner,f,f,0
awcms_module_jobs,r,awcms_vg01_owner,f,f,0
awcms_module_navigation,r,awcms_vg01_owner,f,f,0
awcms_module_settings,r,awcms_vg01_owner,t,t,1
awcms_modules,r,awcms_vg01_owner,f,f,0
awcms_news_media_objects,r,awcms_vg01_owner,t,t,1
awcms_news_portal_ad_placements,r,awcms_vg01_owner,t,t,1
awcms_news_portal_homepage_sections,r,awcms_vg01_owner,t,t,1
awcms_newsletter_subscribers,r,awcms_vg01_owner,t,t,1
awcms_object_sync_queue,r,awcms_vg01_owner,t,t,1
awcms_offices,r,awcms_vg01_owner,t,t,1
awcms_oidc_auth_requests,r,awcms_vg01_owner,t,t,1
awcms_partner_managed_tenants,r,awcms_vg01_owner,t,t,2
awcms_partners,r,awcms_vg01_owner,t,t,2
awcms_password_reset_tokens,r,awcms_vg01_owner,t,t,1
awcms_permissions,r,awcms_vg01_owner,f,f,0
awcms_plan_entitlements,r,awcms_vg01_owner,f,f,0
awcms_plans,r,awcms_vg01_owner,f,f,0
awcms_principal_mfa_factors,r,awcms_vg01_owner,f,f,0
awcms_principal_mfa_recovery_codes,r,awcms_vg01_owner,f,f,0
awcms_principal_preferences,r,awcms_vg01_owner,f,f,0
awcms_principals,r,awcms_vg01_owner,f,f,0
awcms_profile_entity_links,r,awcms_vg01_owner,t,t,1
awcms_profile_identifiers,r,awcms_vg01_owner,t,t,1
awcms_profiles,r,awcms_vg01_owner,t,t,1
awcms_push_delivery_attempts,r,awcms_vg01_owner,t,t,1
awcms_push_messages,r,awcms_vg01_owner,t,t,1
awcms_push_subscriptions,r,awcms_vg01_owner,t,t,1
awcms_registration_requests,r,awcms_vg01_owner,t,t,1
awcms_reporting_export_runs,r,awcms_vg01_owner,t,t,1
awcms_reporting_projection_cursors,r,awcms_vg01_owner,t,t,1
awcms_reporting_projection_metrics,r,awcms_vg01_owner,t,t,1
awcms_reporting_projection_state,r,awcms_vg01_owner,t,t,1
awcms_reporting_rebuild_runs,r,awcms_vg01_owner,t,t,1
awcms_reporting_reconciliation_runs,r,awcms_vg01_owner,t,t,1
awcms_reporting_scheduled_exports,r,awcms_vg01_owner,t,t,1
awcms_role_permissions,r,awcms_vg01_owner,t,t,1
awcms_roles,r,awcms_vg01_owner,t,t,1
awcms_schema_migrations,r,awcms_vg01_owner,f,f,0
awcms_seo_not_found_observations,r,awcms_vg01_owner,t,t,1
awcms_seo_redirect_settings,r,awcms_vg01_owner,t,t,1
awcms_seo_redirects,r,awcms_vg01_owner,t,t,1
awcms_seo_tenant_settings,r,awcms_vg01_owner,t,t,1
awcms_session_handoff_codes,r,awcms_vg01_owner,t,t,1
awcms_sessions,r,awcms_vg01_owner,t,t,3
awcms_setup_state,r,awcms_vg01_owner,f,f,0
awcms_sidebar_menu_items,r,awcms_vg01_owner,t,t,1
awcms_sidebar_menu_types,r,awcms_vg01_owner,t,t,1
awcms_site_profile,r,awcms_vg01_owner,t,t,1
awcms_site_search_documents,r,awcms_vg01_owner,t,t,1
awcms_site_search_index_failures,r,awcms_vg01_owner,t,t,1
awcms_site_search_index_runs,r,awcms_vg01_owner,t,t,1
awcms_site_search_query_log,r,awcms_vg01_owner,t,t,1
awcms_site_search_settings,r,awcms_vg01_owner,t,t,1
awcms_sod_conflict_evaluations,r,awcms_vg01_owner,t,t,1
awcms_sod_conflict_exceptions,r,awcms_vg01_owner,t,t,1
awcms_subject_requests,r,awcms_vg01_owner,t,t,1
awcms_sync_aggregate_versions,r,awcms_vg01_owner,t,t,1
awcms_sync_conflicts,r,awcms_vg01_owner,t,t,1
awcms_sync_inbox,r,awcms_vg01_owner,t,t,1
awcms_sync_nodes,r,awcms_vg01_owner,t,t,1
awcms_sync_push_batches,r,awcms_vg01_owner,t,t,1
awcms_tenant_auth_policies,r,awcms_vg01_owner,t,t,1
awcms_tenant_domains,r,awcms_vg01_owner,t,t,2
awcms_tenant_entitlements,r,awcms_vg01_owner,t,t,1
awcms_tenant_mfa_policies,r,awcms_vg01_owner,t,t,1
awcms_tenant_modules,r,awcms_vg01_owner,t,t,1
awcms_tenant_settings,r,awcms_vg01_owner,t,t,1
awcms_tenant_status_transitions,r,awcms_vg01_owner,t,t,1
awcms_tenant_subscriptions,r,awcms_vg01_owner,t,t,1
awcms_tenant_users,r,awcms_vg01_owner,t,t,3
awcms_tenants,r,awcms_vg01_owner,f,f,0
awcms_theming_config_versions,r,awcms_vg01_owner,t,t,1
awcms_theming_preview_sessions,r,awcms_vg01_owner,t,t,1
awcms_theming_tenant_state,r,awcms_vg01_owner,t,t,1
awcms_user_group_members,r,awcms_vg01_owner,t,t,1
awcms_user_groups,r,awcms_vg01_owner,t,t,1
awcms_visit_events,r,awcms_vg01_owner,t,t,1
awcms_visitor_daily_rollups,r,awcms_vg01_owner,t,t,1
awcms_visitor_sessions,r,awcms_vg01_owner,t,t,1
awcms_workflow_decisions,r,awcms_vg01_owner,t,t,1
awcms_workflow_definitions,r,awcms_vg01_owner,t,t,1
awcms_workflow_delegations,r,awcms_vg01_owner,t,t,1
awcms_workflow_instances,r,awcms_vg01_owner,t,t,1
awcms_workflow_join_arrivals,r,awcms_vg01_owner,t,t,1
awcms_workflow_task_assignments,r,awcms_vg01_owner,t,t,1
awcms_workflow_tasks,r,awcms_vg01_owner,t,t,1
